{"cameraMode":{"drawMode":0,"name":"Shaded","section":"Shading Mode"},"sceneLighting":false,"audioPlay":false,"sceneViewState":{"showFog":true,"showMaterialUpdate":false,"showSkybox":true,"showFlares":true,"showImageEffects":true,"showParticleSystems":true},"in2DMode":false,"pivot":{"x":851.874755859375,"y":749.6874389648438,"z":-61.314109802246097},"rotation":{"x":0.040209248661994937,"y":-0.015482653863728047,"z":0.0006272970931604505,"w":0.9990711808204651},"size":1374.5614013671875,"orthographic":true}